[
    { "word": "apple", "meaning": "quả táo", "example": "I eat an apple every day.", "topic": "food", "phonetic": "/ˈæpl/", "wordType": "noun" },
    { "word": "banana", "meaning": "quả chuối", "example": "The monkey is eating a banana.", "topic": "food", "phonetic": "/bəˈnɑːnə/", "wordType": "noun" },
    { "word": "cat", "meaning": "con mèo", "example": "The cat is sleeping on the sofa.", "topic": "animals", "phonetic": "/kæt/", "wordType": "noun" },
    { "word": "dog", "meaning": "con chó", "example": "She walks her dog every morning.", "topic": "animals", "phonetic": "/dɒɡ/", "wordType": "noun" },
    { "word": "elephant", "meaning": "con voi", "example": "The elephant has a long trunk.", "topic": "animals", "phonetic": "/ˈelɪfənt/", "wordType": "noun" },
    { "word": "flower", "meaning": "bông hoa", "example": "She received a beautiful flower.", "topic": "general", "phonetic": "/ˈflaʊər/", "wordType": "noun" },
    { "word": "guitar", "meaning": "đàn ghi-ta", "example": "He plays the guitar very well.", "topic": "general", "phonetic": "/ɡɪˈtɑːr/", "wordType": "noun" },
    { "word": "house", "meaning": "ngôi nhà", "example": "They live in a big house.", "topic": "general", "phonetic": "/haʊs/", "wordType": "noun" },
    { "word": "ice cream", "meaning": "kem", "example": "Children love ice cream in summer.", "topic": "food", "phonetic": "/ˌaɪs ˈkriːm/", "wordType": "noun" },
    { "word": "jacket", "meaning": "áo khoác", "example": "Wear a jacket when it's cold outside.", "topic": "general", "phonetic": "/ˈdʒækɪt/", "wordType": "noun" },
    { "word": "key", "meaning": "chìa khóa", "example": "I lost my house key yesterday.", "topic": "general", "phonetic": "/kiː/", "wordType": "noun" },
    { "word": "lemon", "meaning": "quả chanh", "example": "This lemonade needs more lemon.", "topic": "food", "phonetic": "/ˈlemən/", "wordType": "noun" },
    { "word": "mountain", "meaning": "núi", "example": "We climbed a mountain last weekend.", "topic": "travel", "phonetic": "/ˈmaʊntɪn/", "wordType": "noun" },
    { "word": "notebook", "meaning": "sổ tay", "example": "I write all my ideas in a notebook.", "topic": "education", "phonetic": "/ˈnəʊtbʊk/", "wordType": "noun" },
    { "word": "orange", "meaning": "quả cam", "example": "Orange juice is rich in vitamin C.", "topic": "food", "phonetic": "/ˈɒrɪndʒ/", "wordType": "noun" },
    { "word": "pen", "meaning": "bút mực", "example": "Can I borrow your pen, please?", "topic": "education", "phonetic": "/pen/", "wordType": "noun" },
    { "word": "question", "meaning": "câu hỏi", "example": "Please raise your hand if you have a question.", "topic": "education", "phonetic": "/ˈkwestʃən/", "wordType": "noun" },
    { "word": "river", "meaning": "sông", "example": "The river flows into the ocean.", "topic": "travel", "phonetic": "/ˈrɪvər/", "wordType": "noun" },
    { "word": "sun", "meaning": "mặt trời", "example": "The sun rises in the east.", "topic": "general", "phonetic": "/sʌn/", "wordType": "noun" },
    { "word": "table", "meaning": "cái bàn", "example": "Please put the books on the table.", "topic": "general", "phonetic": "/ˈteɪbl/", "wordType": "noun" },
    { "word": "umbrella", "meaning": "cây dù", "example": "Take an umbrella with you. It might rain.", "topic": "general", "phonetic": "/ʌmˈbrelə/", "wordType": "noun" },
    { "word": "vacation", "meaning": "kỳ nghỉ", "example": "We're going on vacation next month.", "topic": "travel", "phonetic": "/vəˈkeɪʃn/", "wordType": "noun" },
    { "word": "water", "meaning": "nước", "example": "You should drink eight glasses of water every day.", "topic": "health", "phonetic": "/ˈwɔːtər/", "wordType": "noun" },
    { "word": "xylophone", "meaning": "đàn gõ", "example": "The child is learning to play the xylophone.", "topic": "general", "phonetic": "/ˈzaɪləfəʊn/", "wordType": "noun" },
    { "word": "yellow", "meaning": "màu vàng", "example": "The sun is yellow and bright.", "topic": "general", "phonetic": "/ˈjeləʊ/", "wordType": "adjective" },
    { "word": "zebra", "meaning": "con ngựa vằn", "example": "A zebra has black and white stripes.", "topic": "animals", "phonetic": "/ˈziːbrə/", "wordType": "noun" },
    { "word": "book", "meaning": "quyển sách", "example": "I love reading books before bedtime.", "topic": "education", "phonetic": "/bʊk/", "wordType": "noun" },
    { "word": "computer", "meaning": "máy tính", "example": "She uses her computer to study English.", "topic": "technology", "phonetic": "/kəmˈpjuːtər/", "wordType": "noun" },
    { "word": "door", "meaning": "cánh cửa", "example": "Please close the door when you leave.", "topic": "general", "phonetic": "/dɔːr/", "wordType": "noun" },
    { "word": "friend", "meaning": "bạn bè", "example": "A good friend is always there for you.", "topic": "general", "phonetic": "/frend/", "wordType": "noun" }
]
  